{
  "IcoMoonType": "selection",
  "icons": [
    {
      "icon": {
        "paths": [
          "M64 64h896v896h-896v-896z",
          "M256 512h512M256 704h512M256 320h512"
        ],
        "attrs": [
          {
            "fill": "none",
            "strokeLinejoin": "miter",
            "strokeLinecap": "butt",
            "strokeMiterlimit": "4",
            "strokeWidth": 128
          },
          {
            "fill": "none",
            "strokeLinejoin": "miter",
            "strokeLinecap": "butt",
            "strokeMiterlimit": "4",
            "strokeWidth": 128
          }
        ],
        "isMulticolor": false,
        "isMulticolor2": false,
        "grid": 0,
        "tags": [
          "align"
        ]
      },
      "attrs": [
        {
          "fill": "none",
          "strokeLinejoin": "miter",
          "strokeLinecap": "butt",
          "strokeMiterlimit": "4",
          "strokeWidth": 128
        },
        {
          "fill": "none",
          "strokeLinejoin": "miter",
          "strokeLinecap": "butt",
          "strokeMiterlimit": "4",
          "strokeWidth": 128
        }
      ],
      "properties": {
        "order": 2,
        "id": 10,
        "name": "align",
        "prevSize": 32,
        "code": 59648
      },
      "setIdx": 0,
      "setId": 0,
      "iconIdx": 0
    },
    {
      "icon": {
        "paths": [
          "M384 256v64h256v-64c0-46.633-16.852-76.905-38.516-96.166-22.851-20.308-55.117-31.834-89.484-31.834s-66.633 11.526-89.484 31.834c-21.664 19.261-38.516 49.533-38.516 96.166zM256 448h-102.625l81.453 448h554.343l81.453-448h-102.624v128h-128v-128h-256v128h-128v-128zM256 320v-64c0-81.367 31.148-147.095 81.484-191.834 49.149-43.692 112.883-64.166 174.516-64.166s125.367 20.474 174.515 64.166c50.336 44.739 81.485 110.467 81.485 191.834v64h256l-128 704h-768l-128-704h256z"
        ],
        "attrs": [
          {}
        ],
        "isMulticolor": false,
        "isMulticolor2": false,
        "grid": 0,
        "tags": [
          "basket"
        ]
      },
      "attrs": [
        {}
      ],
      "properties": {
        "order": 3,
        "id": 9,
        "name": "basket",
        "prevSize": 32,
        "code": 59649
      },
      "setIdx": 0,
      "setId": 0,
      "iconIdx": 1
    },
    {
      "icon": {
        "paths": [
          "M341.333 398.222v-284.444h341.333v284.444l227.556 398.222-56.889 113.778h-682.667l-56.889-113.778 227.556-398.222z"
        ],
        "attrs": [
          {
            "fill": "none",
            "strokeLinejoin": "miter",
            "strokeLinecap": "butt",
            "strokeMiterlimit": "4",
            "strokeWidth": 113.77777777777777
          }
        ],
        "isMulticolor": false,
        "isMulticolor2": false,
        "grid": 0,
        "tags": [
          "bottle"
        ]
      },
      "attrs": [
        {
          "fill": "none",
          "strokeLinejoin": "miter",
          "strokeLinecap": "butt",
          "strokeMiterlimit": "4",
          "strokeWidth": 113.77777777777777
        }
      ],
      "properties": {
        "order": 4,
        "id": 8,
        "name": "bottle",
        "prevSize": 32,
        "code": 59650
      },
      "setIdx": 0,
      "setId": 0,
      "iconIdx": 2
    },
    {
      "icon": {
        "paths": [
          "M704 320c-35.341 0-64-28.653-64-64s28.659-64 64-64c35.341 0 64 28.653 64 64s-28.659 64-64 64zM704 448c106.042 0 192-85.961 192-192s-85.958-192-192-192c-106.039 0-192 85.961-192 192 0 19.89 3.023 39.072 8.641 57.114-34.813-35.261-83.172-57.114-136.641-57.114-106.039 0-192 85.961-192 192 0 22.557 3.891 44.206 11.039 64.312-3.649-0.207-7.336-0.312-11.039-0.312-106.039 0-192 85.961-192 192 0 106.042 85.961 192 192 192 55.266 0 105.086-23.354 140.117-60.73 27.258 72.858 97.516 124.73 179.883 124.73 101.117 0 183.987-78.17 191.456-177.382 34.029 30.694 79.104 49.382 128.544 49.382 106.042 0 192-85.958 192-192 0-106.039-85.958-192-192-192-101.12 0-183.987 78.172-191.456 177.382-30.646-27.642-70.247-45.545-113.927-48.833 30.696-34.033 49.383-79.11 49.383-128.549 0-19.89-3.023-39.072-8.641-57.114 34.813 35.261 83.175 57.114 136.641 57.114zM384 512c-35.344 0-64-28.653-64-64s28.656-64 64-64c35.344 0 64 28.653 64 64s-28.656 64-64 64zM896 640c0 35.347-28.659 64-64 64s-64-28.653-64-64c0-35.347 28.659-64 64-64s64 28.653 64 64zM512 832c-35.344 0-64-28.653-64-64s28.656-64 64-64c35.344 0 64 28.653 64 64s-28.656 64-64 64zM256 704c0 35.347-28.656 64-64 64s-64-28.653-64-64c0-35.347 28.656-64 64-64s64 28.653 64 64z"
        ],
        "attrs": [
          {}
        ],
        "isMulticolor": false,
        "isMulticolor2": false,
        "grid": 0,
        "tags": [
          "circles"
        ]
      },
      "attrs": [
        {}
      ],
      "properties": {
        "order": 5,
        "id": 7,
        "name": "circles",
        "prevSize": 32,
        "code": 59651
      },
      "setIdx": 0,
      "setId": 0,
      "iconIdx": 3
    },
    {
      "icon": {
        "paths": [
          "M312.889 654.222c0 113.778 85.333 170.667 199.111 170.667M512 113.778c-227.556 199.111-341.333 398.222-341.333 568.889s113.778 284.444 341.333 284.444c227.556 0 341.333-113.778 341.333-284.444s-113.778-369.778-341.333-568.889z"
        ],
        "attrs": [
          {
            "fill": "none",
            "strokeLinejoin": "miter",
            "strokeLinecap": "butt",
            "strokeMiterlimit": "4",
            "strokeWidth": 113.77777777777777
          }
        ],
        "isMulticolor": false,
        "isMulticolor2": false,
        "grid": 0,
        "tags": [
          "drop"
        ]
      },
      "attrs": [
        {
          "fill": "none",
          "strokeLinejoin": "miter",
          "strokeLinecap": "butt",
          "strokeMiterlimit": "4",
          "strokeWidth": 113.77777777777777
        }
      ],
      "properties": {
        "order": 6,
        "id": 6,
        "name": "drop",
        "prevSize": 32,
        "code": 59652
      },
      "setIdx": 0,
      "setId": 0,
      "iconIdx": 4
    },
    {
      "icon": {
        "paths": [
          "M1024 495.502c-0.501-24.952-6.007-49.55-16.185-72.338s-24.821-43.302-43.071-60.329c-18.244-17.027-39.726-30.221-63.158-38.799-23.438-8.579-48.356-12.37-73.284-11.147 26.721-46.505 34.463-101.527 21.618-153.6-9.967-36.971-31.653-69.712-61.815-93.305-30.157-23.593-67.157-36.766-105.438-37.539-34.924 0.307-69.137 9.9-99.129 27.795s-54.682 43.448-71.538 74.036c-16.856-30.589-41.546-56.141-71.538-74.036s-64.205-27.488-99.129-27.795c-38.87 0.033-76.648 12.866-107.495 36.516s-53.048 56.8-63.172 94.328c-11.824 52.511-2.852 107.56 25.031 153.6-51.754 0.948-101.276 21.243-138.809 56.889-17.499 16.014-31.564 35.415-41.343 57.026s-15.068 44.983-15.546 68.698c0.503 24.952 6.006 49.55 16.184 72.338s24.824 43.3 43.071 60.327c18.247 17.027 39.724 30.219 63.16 38.804 23.437 8.579 48.356 12.368 73.283 11.145-26.869 46.66-34.617 101.916-21.618 154.169 10.124 37.53 32.324 70.679 63.172 94.327s68.625 36.483 107.495 36.517c34.924-0.307 69.137-9.899 99.129-27.796 29.992-17.892 54.682-43.446 71.538-74.035 16.856 30.589 41.546 56.144 71.538 74.035 29.992 17.897 64.205 27.489 99.129 27.796 38.872-0.034 76.646-12.868 107.497-36.517 30.845-23.649 53.043-56.798 63.169-94.327 12.999-52.252 5.251-107.509-21.618-154.169 49.243 0.762 96.779-18.034 132.181-52.27 35.408-34.229 55.791-81.104 56.69-130.344zM682.667 142.222c13.193 0.772 25.805 5.701 36.022 14.082 10.223 8.38 17.527 19.78 20.867 32.567 10.809 40.96-16.498 107.52-119.467 176.356-15.218-12.765-32.54-22.775-51.2-29.582 10.809-132.551 60.871-193.422 113.778-193.422zM568.889 495.502c0 11.251-3.337 22.25-9.587 31.606s-15.136 16.647-25.531 20.953c-10.395 4.306-21.833 5.432-32.869 3.238s-21.172-7.613-29.128-15.569c-7.956-7.956-13.374-18.093-15.569-29.128s-1.068-22.474 3.238-32.869c4.306-10.395 11.597-19.28 20.953-25.531s20.354-9.587 31.606-9.587c15.088 0 29.558 5.994 40.227 16.662s16.662 25.139 16.662 40.227zM284.444 188.871c3.342-12.787 10.646-24.187 20.865-32.567s22.83-13.31 36.024-14.082c52.907 0 102.969 60.871 113.778 193.422-18.217 6.751-35.148 16.563-50.062 29.013-104.676-68.836-132.551-134.827-120.604-175.787zM204.231 564.338c-66.56 0-90.453-36.978-90.453-68.836s23.893-68.836 90.453-68.836c49.012 2.808 96.799 16.406 139.947 39.822-1.774 9.572-2.726 19.279-2.844 29.013 0.119 9.734 1.071 19.441 2.844 29.013-43.148 23.417-90.935 37.014-139.947 39.822zM344.178 848.782c-13.689-0.171-26.943-4.83-37.732-13.255s-18.518-20.156-22.001-33.394c-10.809-40.96 16.498-107.52 119.467-176.356 15.3 12.362 32.622 21.982 51.2 28.444-10.809 133.689-60.871 194.56-113.778 194.56h2.844zM742.4 802.133c-3.51 13.335-11.321 25.134-22.226 33.57-10.906 8.431-24.292 13.033-38.076 13.079-50.062 0-100.124-60.871-109.227-193.991 18.216-6.753 35.146-16.566 50.062-29.013 100.693 69.404 128.569 135.396 116.622 176.356h2.844zM821.476 563.769c-49.010-2.826-96.791-16.423-139.947-39.822 1.172-9.433 1.553-18.948 1.138-28.444-0.119-9.734-1.070-19.441-2.844-29.013 43.15-23.417 90.937-37.014 139.947-39.822 66.56 0 90.453 36.978 90.453 68.836s-23.893 68.836-90.453 68.836l1.707-0.569z"
        ],
        "attrs": [
          {}
        ],
        "isMulticolor": false,
        "isMulticolor2": false,
        "grid": 0,
        "tags": [
          "flower"
        ]
      },
      "attrs": [
        {}
      ],
      "properties": {
        "order": 7,
        "id": 5,
        "name": "flower",
        "prevSize": 32,
        "code": 59653
      },
      "setIdx": 0,
      "setId": 0,
      "iconIdx": 5
    },
    {
      "icon": {
        "paths": [
          "M512 147.597l146.374 84.046v166.867l-146.374 84.045-146.383-84.045v-166.867l146.383-84.046zM786.374 157.538l-274.374-157.538-274.383 157.538v257.417l-237.617 136.429v315.080l274.383 157.536 237.617-136.435 237.626 136.435 274.374-157.536v-315.080l-237.626-136.437v-257.409zM274.383 541.443l146.375 84.046v166.869l-146.375 84.045-146.383-84.045v-166.869l146.383-84.046zM603.242 625.489l146.383-84.046 146.374 84.046v166.869l-146.374 84.045-146.383-84.045v-166.869z"
        ],
        "attrs": [
          {}
        ],
        "isMulticolor": false,
        "isMulticolor2": false,
        "grid": 0,
        "tags": [
          "honeycomb"
        ]
      },
      "attrs": [
        {}
      ],
      "properties": {
        "order": 8,
        "id": 4,
        "name": "honeycomb",
        "prevSize": 32,
        "code": 59654
      },
      "setIdx": 0,
      "setId": 0,
      "iconIdx": 6
    },
    {
      "icon": {
        "paths": [
          "M704 320c0 58.057-25.235 136.719-70.242 200.382-46.633 65.963-92.945 87.618-121.758 87.618s-75.125-21.655-121.758-87.618c-45.007-63.663-70.242-142.325-70.242-200.382 0-106.039 85.961-192 192-192s192 85.961 192 192zM676.205 665.011c93.325-84.339 155.795-228.309 155.795-345.011 0-176.732-143.264-320-320-320-176.734 0-320 143.268-320 320 0 116.852 62.633 261.045 156.156 345.338-167.343 53.626-275.93 179.84-334.672 255.373l101.031 78.579c73.242-94.163 199.391-231.29 397.484-231.29 199.194 0 335.885 139.206 394.752 227.501l106.496-71.002c-53.414-80.128-167.341-206.266-337.043-259.488z"
        ],
        "attrs": [
          {}
        ],
        "isMulticolor": false,
        "isMulticolor2": false,
        "grid": 0,
        "tags": [
          "person"
        ]
      },
      "attrs": [
        {}
      ],
      "properties": {
        "order": 9,
        "id": 3,
        "name": "person",
        "prevSize": 32,
        "code": 59655
      },
      "setIdx": 0,
      "setId": 0,
      "iconIdx": 7
    },
    {
      "icon": {
        "paths": [
          "M402.030 626.725c-140.429-140.432-182.558-322.99-182.558-435.334l154.472-42.129 56.172 168.515-49.421 74.131c4.681 14.043 63.491 102.786 108.427 147.721 44.94 44.94 124.318 103.745 147.721 108.428l74.133-49.422 140.428 28.090-42.128 154.47c-112.342 0-266.817-14.043-407.246-154.47z"
        ],
        "attrs": [
          {
            "fill": "none",
            "strokeLinejoin": "miter",
            "strokeLinecap": "butt",
            "strokeMiterlimit": "4",
            "strokeWidth": 93.0909090909091
          }
        ],
        "isMulticolor": false,
        "isMulticolor2": false,
        "grid": 0,
        "tags": [
          "phone"
        ]
      },
      "attrs": [
        {
          "fill": "none",
          "strokeLinejoin": "miter",
          "strokeLinecap": "butt",
          "strokeMiterlimit": "4",
          "strokeWidth": 93.0909090909091
        }
      ],
      "properties": {
        "order": 10,
        "id": 2,
        "name": "phone",
        "prevSize": 32,
        "code": 59656
      },
      "setIdx": 0,
      "setId": 0,
      "iconIdx": 8
    },
    {
      "icon": {
        "paths": [
          "M332.077 742.37c-181.732-181.73-229.693-409.536-229.693-554.922l199.905-54.52 72.693 218.078-185.99 193.708c6.058 18.174 84.931 139.504 143.085 197.655zM332.077 742.37c181.732 181.736 388.199 208.354 533.583 208.354l54.519-199.903-181.73-36.352-206.608 168.882c-30.289-6.060-141.61-82.824-199.764-140.981z"
        ],
        "attrs": [
          {
            "fill": "none",
            "strokeLinejoin": "miter",
            "strokeLinecap": "butt",
            "strokeMiterlimit": "4",
            "strokeWidth": 120.47058823529412
          }
        ],
        "isMulticolor": false,
        "isMulticolor2": false,
        "grid": 0,
        "tags": [
          "phone2"
        ]
      },
      "attrs": [
        {
          "fill": "none",
          "strokeLinejoin": "miter",
          "strokeLinecap": "butt",
          "strokeMiterlimit": "4",
          "strokeWidth": 120.47058823529412
        }
      ],
      "properties": {
        "order": 11,
        "id": 1,
        "name": "phone2",
        "prevSize": 32,
        "code": 59657
      },
      "setIdx": 0,
      "setId": 0,
      "iconIdx": 9
    },
    {
      "icon": {
        "paths": [
          "M704 416c0-159.058-128.945-288-288-288s-288 128.942-288 288c0 159.058 128.945 288 288 288s288-128.942 288-288zM661.421 751.93c-68.796 50.349-153.64 80.070-245.421 80.070-229.75 0-416-186.253-416-416 0-229.75 186.25-416 416-416 229.747 0 416 186.25 416 416 0 91.781-29.728 176.621-80.070 245.421l253.331 253.325-90.522 90.509-253.318-253.325z"
        ],
        "attrs": [
          {}
        ],
        "isMulticolor": false,
        "isMulticolor2": false,
        "grid": 0,
        "tags": [
          "search"
        ]
      },
      "attrs": [
        {}
      ],
      "properties": {
        "order": 12,
        "id": 0,
        "name": "search",
        "prevSize": 32,
        "code": 59658
      },
      "setIdx": 0,
      "setId": 0,
      "iconIdx": 10
    }
  ],
  "height": 1024,
  "metadata": {
    "name": "leko-icon"
  },
  "preferences": {
    "showGlyphs": true,
    "showQuickUse": true,
    "showQuickUse2": true,
    "showSVGs": true,
    "fontPref": {
      "prefix": "leko-",
      "metadata": {
        "fontFamily": "leko-icon",
        "majorVersion": 1,
        "minorVersion": 0
      },
      "metrics": {
        "emSize": 1024,
        "baseline": 6.25,
        "whitespace": 50
      },
      "embed": false,
      "includeMetadata": true
    },
    "imagePref": {
      "prefix": "icon-",
      "png": true,
      "useClassSelector": true,
      "color": 0,
      "bgColor": 16777215,
      "classSelector": ".icon"
    },
    "historySize": 50,
    "showCodes": true,
    "gridSize": 16
  }
}